Instagram Link,https://www.instagram.com/theoatmeal
Title,@theoatmeal • Instagram photos and videos
Description,"1.1m Followers, 239 Following, 756 Posts - See Instagram photos and videos from @theoatmeal"
Link to posts:
https://www.instagram.com/p/CWllXByvI-E/
https://www.instagram.com/p/CWZI0WIvaM-/
https://www.instagram.com/p/CWG15FWvlO2/
https://www.instagram.com/p/CVltL-YvfFE/
https://www.instagram.com/p/CVTJjuwv_P-/
https://www.instagram.com/p/CUXxYPTJYJT/
https://www.instagram.com/p/CUDXThLvJE-/
https://www.instagram.com/p/CTnq3IDpO6P/
https://www.instagram.com/p/CTmsOasF-D4/
https://www.instagram.com/p/CTfMQRYlwD8/
https://www.instagram.com/p/CTSVWzfpTT2/
https://www.instagram.com/p/CS-C467htLp/
https://www.instagram.com/p/CS99J9rJaCU/
https://www.instagram.com/p/CS2A4QYl39g/
https://www.instagram.com/p/CSkMySQJ4ap/
https://www.instagram.com/p/CSPZBy_l_oF/
https://www.instagram.com/p/CSNDFz9lnPx/
https://www.instagram.com/p/CSKN8wfFW2Q/
https://www.instagram.com/p/CSIOL1Hpv65/
https://www.instagram.com/p/CSH4BjFJRv-/
https://www.instagram.com/p/CRjd8ghqfp-/
https://www.instagram.com/p/CRaOl-WDdx5/
https://www.instagram.com/p/CRR1o6HqckJ/
https://www.instagram.com/p/CRPNSIzjgPv/
https://www.instagram.com/p/CRKNKNkDKIo/
https://www.instagram.com/p/CREzZedjC0h/
https://www.instagram.com/p/CQ7aMf_DKpy/
https://www.instagram.com/p/CQ6skoDj54_/
https://www.instagram.com/p/CQ6gh5lDzzf/
https://www.instagram.com/p/CQ6X9baDU6M/
https://www.instagram.com/p/CQUCF5JDUL1/
https://www.instagram.com/p/CP90IRzjxpH/
https://www.instagram.com/p/CPldrWJjhrG/
https://www.instagram.com/p/CPV6v4WDtiZ/
https://www.instagram.com/p/CPBTZ8qDhmU/
https://www.instagram.com/p/CO58a6YjyLM/
https://www.instagram.com/p/COs6xXhjTxL/
https://www.instagram.com/p/COda2yPjt0X/
https://www.instagram.com/p/COV6bOgDFz2/
https://www.instagram.com/p/COV1i5bjPrH/
https://www.instagram.com/p/CNnX3cZD-GX/
https://www.instagram.com/p/CNawPc2jnlZ/
